source_cpse,material_code,description,category,uom,size,dimension,material_grade,standard,canonical_hint,source_type
CPCL,A-93810,HEX BOLT M16 X 80 SS304,FASTENER,EA,M16,80,SS304,DIN 933,CM-0001,synthetic_demo_variation
ONGC,B-24592,SS 304 HEX HD BOLT 16MM-80MM,FASTENER,EA,M16,80,SS304,DIN 933,CM-0001,synthetic_demo_variation
SAIL,C-13278,HEXAGONAL HEAD BOLT M16 X 80MM SS304,FASTENER,EA,M16,80,SS304,DIN 933,CM-0001,synthetic_demo_variation
CPCL,A-46048,VALVE GATE 2 IN 150# FLANGED CS,VALVE,EA,2 IN,150,CARBON STEEL,API 600,CM-0002,synthetic_demo_variation
ONGC,B-42098,2IN GATE VALVE CL150 CS RF FLG,VALVE,EA,2 IN,150,CARBON STEEL,API 600,CM-0002,synthetic_demo_variation
SAIL,C-39256,GATE VLV 2 INCH CLASS 150 CARBON STEEL,VALVE,EA,2 IN,150,CARBON STEEL,API 600,CM-0002,synthetic_demo_variation
CPCL,A-28289,BEARING DEEP GROOVE 6205,BEARING,EA,6205,,CHROME STEEL,ISO 15,CM-0003,synthetic_demo_variation
ONGC,B-23434,6205 DEEP GROOVE BALL BRG,BEARING,EA,6205,,CHROME STEEL,ISO 15,CM-0003,synthetic_demo_variation
SAIL,C-98696,BALL BEARING 6205 CHROME STEEL,BEARING,EA,6205,,CHROME STEEL,ISO 15,CM-0003,synthetic_demo_variation
CPCL,A-81482,PIPE SEAMLESS CS 4IN X 6M,PIPE,M,4 IN,6000,CARBON STEEL,ASTM A106,CM-0004,synthetic_demo_variation
ONGC,B-21395,4 IN SEAMLESS CARBON STEEL PIPE 6000 MM,PIPE,M,4 IN,6000,CARBON STEEL,ASTM A106,CM-0004,synthetic_demo_variation
SAIL,C-87397,CS SEAMLESS PIPE DN100 6M,PIPE,M,4 IN,6000,CARBON STEEL,ASTM A106,CM-0004,synthetic_demo_variation
CPCL,A-65302,HEX NUT M16 SS304,FASTENER,EA,M16,,SS304,DIN 934,CM-0005,synthetic_demo_variation
ONGC,B-14165,SS304 HEXAGONAL NUT M16,FASTENER,EA,M16,,SS304,DIN 934,CM-0005,synthetic_demo_variation
SAIL,C-13905,NUT HEX HD M16 STAINLESS 304,FASTENER,EA,M16,,SS304,DIN 934,CM-0005,synthetic_demo_variation
CPCL,A-22280,CHECK VALVE 2IN CL150 CS,VALVE,EA,2 IN,150,CARBON STEEL,API 594,CM-0006,synthetic_demo_variation
ONGC,B-38657,NON RETURN VALVE 2 IN CLASS 150 CARBON STEEL,VALVE,EA,2 IN,150,CARBON STEEL,API 594,CM-0006,synthetic_demo_variation
SAIL,C-40495,NRV 2 IN 150 LBS CS,VALVE,EA,2 IN,150,CARBON STEEL,API 594,CM-0006,synthetic_demo_variation
CPCL,A-76237,PRESSURE GAUGE 100MM 10BAR SS304,INSTRUMENT,EA,100 MM,10 BAR,SS304,ASME B40.100,CM-0007,synthetic_demo_variation
ONGC,B-88907,100 DIA PRESSURE GAUGE 10 BAR,INSTRUMENT,EA,100 MM,10 BAR,SS304,ASME B40.100,CM-0007,synthetic_demo_variation
SAIL,C-13478,PRESS GAUGE 100 MM SS304 10 BAR,INSTRUMENT,EA,100 MM,10 BAR,SS304,ASME B40.100,CM-0007,synthetic_demo_variation
CPCL,A-83563,SPIRAL WOUND GASKET 2IN 150,GASKET,EA,2 IN,150,GRAPHITE/SS,ASME B16.20,CM-0008,synthetic_demo_variation
ONGC,B-36062,2 IN SWG CL150 GRAPHITE SS,GASKET,EA,2 IN,150,GRAPHITE/SS,ASME B16.20,CM-0008,synthetic_demo_variation
SAIL,C-95181,SP WOUND GASKET DN50 CLASS150,GASKET,EA,2 IN,150,GRAPHITE/SS,ASME B16.20,CM-0008,synthetic_demo_variation
CPCL,A-HARD-1,HEX BOLT M16 X 90 SS304,FASTENER,EA,M16,90,SS304,DIN 933,HARD_NEGATIVE,
ONGC,B-HARD-1,GATE VALVE 2 IN 600# FLANGED CS,VALVE,EA,2 IN,600,CARBON STEEL,API 600,HARD_NEGATIVE,
SAIL,C-HARD-1,HEX BOLT M16 X 80 SS316,FASTENER,EA,M16,80,SS316,DIN 933,HARD_NEGATIVE,
ONGC,B-HARD-2,BALL BEARING 6206 CHROME STEEL,BEARING,EA,6206,,CHROME STEEL,ISO 15,HARD_NEGATIVE,
